DealerID,Type,Stock,VIN,Year,Make,Model,Body,Trim,ModelNumber,Doors,ExteriorColor,InteriorColor,EngineCylinders,EngineDisplacement,Transmission,Miles,Certified,DateInStock,Description,Options,PhotoURLs
"401","USED","7-092A","2B3HD46R81H599250","2001","Dodge","Intrepid","4dr Car","SE","LHDH41","4","DK GARNET","","6","2.7L","Automatic","117955","False","6/30/2007","This Intrepid is a local trade-in and is in great condition. This is an SE package with power windows and locks, remote keyless entry and much more! This Intrepid is a great value!","","http://webiol.homenetinc.com/dealers/2091/4578/7-092A.jpg,http://webiol.homenetinc.com/dealers/2091/4578/7-092A(2).jpg,http://webiol.homenetinc.com/dealers/2091/4578/7-092A(3).jpg,http://webiol.homenetinc.com/dealers/2091/4578/7-092A(4).jpg,http://webiol.homenetinc.com/dealers/2091/4578/7-092A(5).jpg,http://webiol.homenetinc.com/dealers/2091/4578/7-092A(6).jpg,http://webiol.homenetinc.com/dealers/2091/4578/7-092A(7).jpg,http://webiol.homenetinc.com/dealers/2091/4578/7-092A(8).jpg"
"401","USED","7-081A","1FMEU15WX4LA77746","2004","Ford","Expedition","Sport Utility","XLT","U15","4","BLACK","","8","4.6L","Automatic","68174","False","6/22/2007","This Expedition is a local trade-in. Thisis an XLT package with power windows and locks, remote keyless entry, CD, running boards, power moonroof, tow package and more!","","http://webiol.homenetinc.com/dealers/2091/4578/7-081A.jpg,http://webiol.homenetinc.com/dealers/2091/4578/7-081A(2).jpg,http://webiol.homenetinc.com/dealers/2091/4578/7-081A(3).jpg,http://webiol.homenetinc.com/dealers/2091/4578/7-081A(4).jpg,http://webiol.homenetinc.com/dealers/2091/4578/7-081A(5).jpg,http://webiol.homenetinc.com/dealers/2091/4578/7-081A(6).jpg,http://webiol.homenetinc.com/dealers/2091/4578/7-081A(7).jpg,http://webiol.homenetinc.com/dealers/2091/4578/7-081A(8).jpg,http://webiol.homenetinc.com/dealers/2091/4578/7-081A(9).jpg,http://webiol.homenetinc.com/dealers/2091/4578/7-081A(10).jpg,http://webiol.homenetinc.com/dealers/2091/4578/7-081A(11).jpg,http://webiol.homenetinc.com/dealers/2091/4578/7-081A(12).jpg,http://webiol.homenetinc.com/dealers/2091/4578/7-081A(13).jpg,http://webiol.homenetinc.com/dealers/2091/4578/7-081A(14).jpg"
"401","USED","6-091Y","1B4HS28Z0XF651242","1999","Dodge","Durango","Sport Utility","","DN5L74","4","GREEN","","8","5.9L","Automatic","93858","False","2/17/2007","This is an SLT+ package Durango with leather seats, rear heat and a/c, third row seat, factory tow package, CD and much more! This Durango was a local trade-in.","","http://webiol.homenetinc.com/dealers/2091/4578/6-091Y.jpg,http://webiol.homenetinc.com/dealers/2091/4578/6-091Y(2).jpg,http://webiol.homenetinc.com/dealers/2091/4578/6-091Y(3).jpg,http://webiol.homenetinc.com/dealers/2091/4578/6-091Y(4).jpg,http://webiol.homenetinc.com/dealers/2091/4578/6-091Y(5).jpg,http://webiol.homenetinc.com/dealers/2091/4578/6-091Y(6).jpg,http://webiol.homenetinc.com/dealers/2091/4578/6-091Y(7).jpg,http://webiol.homenetinc.com/dealers/2091/4578/6-091Y(8).jpg,http://webiol.homenetinc.com/dealers/2091/4578/6-091Y(9).jpg,http://webiol.homenetinc.com/dealers/2091/4578/6-091Y(10).jpg,http://webiol.homenetinc.com/dealers/2091/4578/6-091Y(11).jpg,http://webiol.homenetinc.com/dealers/2091/4578/6-091Y(12).jpg,http://webiol.homenetinc.com/dealers/2091/4578/6-091Y(13).jpg,http://webiol.homenetinc.com/dealers/2091/4578/6-091Y(14).jpg"
"401","USED","7-045B","1B4HS28Z7XF576118","1999","Dodge","Durango","Sport Utility","","DN5L74","4","BLACK","","8","5.9L","Automatic","116439","False","3/6/2007","Local trade, leather seats, 3rd row seating, rear heat and air conditioning, power driver seat plus much more!","","http://webiol.homenetinc.com/dealers/2091/4578/7-045B.jpg,http://webiol.homenetinc.com/dealers/2091/4578/7-045B(2).jpg,http://webiol.homenetinc.com/dealers/2091/4578/7-045B(3).jpg,http://webiol.homenetinc.com/dealers/2091/4578/7-045B(4).jpg,http://webiol.homenetinc.com/dealers/2091/4578/7-045B(5).jpg,http://webiol.homenetinc.com/dealers/2091/4578/7-045B(6).jpg,http://webiol.homenetinc.com/dealers/2091/4578/7-045B(7).jpg,http://webiol.homenetinc.com/dealers/2091/4578/7-045B(8).jpg,http://webiol.homenetinc.com/dealers/2091/4578/7-045B(9).jpg,http://webiol.homenetinc.com/dealers/2091/4578/7-045B(10).jpg,http://webiol.homenetinc.com/dealers/2091/4578/7-045B(11).jpg,http://webiol.homenetinc.com/dealers/2091/4578/7-045B(12).jpg,http://webiol.homenetinc.com/dealers/2091/4578/7-045B(13).jpg"
"401","New","7-095","3A4FY58B47T630911","2007","Chrysler","PT Cruiser","4dr Car","Touring","PTCP44","4","RED","","4","2.4L","Automatic","0","False","7/10/2007","","Driver Air Bag,Passenger Air Bag,Passenger Air Bag On/Off Switch,A/C,Rear A/C,Alarm,AM/FM Stereo,CD Player,Front Disc/Rear Drum Brakes,Rear Defrost,Child Safety Locks,Front Wheel Drive,Keyless Entry,Power Door Locks,Power Driver Mirror,Pass-Through Rear Seat,Cloth Seats,Bucket Seats,Power Steering,Adjustable Steering Wheel,Compact Spare Tire,Power Windows,Intermittent Wipers,Tires - Front Touring,Tires - Rear Touring,Power Passenger Mirror,Privacy Glass,Variable Speed Intermittent Wipers,Auxiliary Pwr Outlet,Vehicle Anti-Theft System,Driver Illuminated Vanity Mirror,Passenger Illuminated Visor Mirror,Rear Seat Heat Ducts,Front Reading Lamps,Rear Spoiler,Wheel Covers,Steel Wheels","http://webiol.homenetinc.com/stock_images/2/9750.jpg"
"401","USED","A337A","1G2NF12E61M505090","2001","Pontiac","Grand Am","2dr Car","SE1","2NF37","2","WHITE","","4","2.4L","Automatic","85503","False","3/26/2007","Local trade-in, V6, automatic, power windows and locks.","","http://webiol.homenetinc.com/dealers/2091/4578/A337A.jpg,http://webiol.homenetinc.com/dealers/2091/4578/A337A(2).jpg,http://webiol.homenetinc.com/dealers/2091/4578/A337A(3).jpg,http://webiol.homenetinc.com/dealers/2091/4578/A337A(4).jpg,http://webiol.homenetinc.com/dealers/2091/4578/A337A(5).jpg,http://webiol.homenetinc.com/dealers/2091/4578/A337A(6).jpg,http://webiol.homenetinc.com/dealers/2091/4578/A337A(7).jpg,http://webiol.homenetinc.com/dealers/2091/4578/A337A(8).jpg,http://webiol.homenetinc.com/dealers/2091/4578/A337A(9).jpg,http://webiol.homenetinc.com/dealers/2091/4578/A337A(10).jpg,http://webiol.homenetinc.com/dealers/2091/4578/A337A(11).jpg,http://webiol.homenetinc.com/dealers/2091/4578/A337A(12).jpg"
"401","USED","6-124B","1G3HN52K0T4804067","1996","Oldsmobile","88","LS","LS","","","WHITE","","6","3.8","Automatic","96656","False","3/30/2007","Cars like this are hard to find! Very, very clean locally owned and traded vehicle. LS package with the 3.8L V6, power windows and locks and a power driver seat.","","http://webiol.homenetinc.com/dealers/2091/4578/6-124B.jpg,http://webiol.homenetinc.com/dealers/2091/4578/6-124B(2).jpg,http://webiol.homenetinc.com/dealers/2091/4578/6-124B(3).jpg,http://webiol.homenetinc.com/dealers/2091/4578/6-124B(4).jpg,http://webiol.homenetinc.com/dealers/2091/4578/6-124B(5).jpg,http://webiol.homenetinc.com/dealers/2091/4578/6-124B(6).jpg,http://webiol.homenetinc.com/dealers/2091/4578/6-124B(7).jpg,http://webiol.homenetinc.com/dealers/2091/4578/6-124B(8).jpg,http://webiol.homenetinc.com/dealers/2091/4578/6-124B(9).jpg,http://webiol.homenetinc.com/dealers/2091/4578/6-124B(10).jpg,http://webiol.homenetinc.com/dealers/2091/4578/6-124B(11).jpg,http://webiol.homenetinc.com/dealers/2091/4578/6-124B(12).jpg"
"401","USED","A361","1J4GR48K25C723138","2005","Jeep","Grand Cherokee","Sport Utility","Laredo","WKJH74","4","BLACK","Gray","6","3.7L","Automatic","25135","True","4/20/2007","This Grand Cherokee is a one owner, off lease vehicle. Laredo package, 4X4, with the fuel efficient 6 cylinder engine, trailer tow package, CD and much more! This Grand Cherokee is FACTORY CERTIFIED with the balance of an 80,000 mile powertrain warranty!","","http://webiol.homenetinc.com/dealers/2091/4578/A361.jpg,http://webiol.homenetinc.com/dealers/2091/4578/A361(2).jpg,http://webiol.homenetinc.com/dealers/2091/4578/A361(3).jpg,http://webiol.homenetinc.com/dealers/2091/4578/A361(4).jpg,http://webiol.homenetinc.com/dealers/2091/4578/A361(5).jpg,http://webiol.homenetinc.com/dealers/2091/4578/A361(6).jpg,http://webiol.homenetinc.com/dealers/2091/4578/A361(7).jpg,http://webiol.homenetinc.com/dealers/2091/4578/A361(8).jpg,http://webiol.homenetinc.com/dealers/2091/4578/A361(9).jpg,http://webiol.homenetinc.com/dealers/2091/4578/A361(10).jpg,http://webiol.homenetinc.com/dealers/2091/4578/A361(11).jpg,http://webiol.homenetinc.com/dealers/2091/4578/A361(12).jpg,http://webiol.homenetinc.com/dealers/2091/4578/A361(13).jpg"
"401","USED","7-071B","1G2NV52E63C145869","2003","Pontiac","Grand Am","4dr Car","GT1","2NV69","4","BLACK","Gray","6","3.4L","Automatic","82771","False","5/1/2007","LEATHER! CHROME WHEELS! MOONROOF! SHARP!!!","","http://webiol.homenetinc.com/dealers/2091/4578/7-071B.jpg,http://webiol.homenetinc.com/dealers/2091/4578/7-071B(2).jpg,http://webiol.homenetinc.com/dealers/2091/4578/7-071B(3).jpg,http://webiol.homenetinc.com/dealers/2091/4578/7-071B(4).jpg,http://webiol.homenetinc.com/dealers/2091/4578/7-071B(5).jpg,http://webiol.homenetinc.com/dealers/2091/4578/7-071B(6).jpg,http://webiol.homenetinc.com/dealers/2091/4578/7-071B(7).jpg,http://webiol.homenetinc.com/dealers/2091/4578/7-071B(8).jpg,http://webiol.homenetinc.com/dealers/2091/4578/7-071B(9).jpg,http://webiol.homenetinc.com/dealers/2091/4578/7-071B(10).jpg,http://webiol.homenetinc.com/dealers/2091/4578/7-071B(11).jpg,http://webiol.homenetinc.com/dealers/2091/4578/7-071B(12).jpg,http://webiol.homenetinc.com/dealers/2091/4578/7-071B(13).jpg"
"401","USED","A366D","2G2FV22P0T2209196","1996","Pontiac","Firebird","COUPE","Trans Am","","","RED","","8","5.7","Automatic","114115","False","7/23/2007","WOW!!! Look at this Trans Am! V8, automatic, T-TOPS!!! This Firebird is in very good condition!","","http://webiol.homenetinc.com/dealers/2091/4578/A366D.jpg,http://webiol.homenetinc.com/dealers/2091/4578/A366D(2).jpg,http://webiol.homenetinc.com/dealers/2091/4578/A366D(3).jpg,http://webiol.homenetinc.com/dealers/2091/4578/A366D(4).jpg,http://webiol.homenetinc.com/dealers/2091/4578/A366D(5).jpg,http://webiol.homenetinc.com/dealers/2091/4578/A366D(6).jpg,http://webiol.homenetinc.com/dealers/2091/4578/A366D(7).jpg,http://webiol.homenetinc.com/dealers/2091/4578/A366D(8).jpg,http://webiol.homenetinc.com/dealers/2091/4578/A366D(9).jpg,http://webiol.homenetinc.com/dealers/2091/4578/A366D(10).jpg,http://webiol.homenetinc.com/dealers/2091/4578/A366D(11).jpg,http://webiol.homenetinc.com/dealers/2091/4578/A366D(12).jpg,http://webiol.homenetinc.com/dealers/2091/4578/A366D(13).jpg"
"401","USED","7-046B","2G1WW12M9T9316157","1996","Chevrolet","Monte Carlo","LS COUPE","","","","WHITE","","6","3.1","Automatic","236153","False","5/9/2007","","","http://webiol.homenetinc.com/dealers/2091/4578/7-046B.jpg,http://webiol.homenetinc.com/dealers/2091/4578/7-046B(2).jpg,http://webiol.homenetinc.com/dealers/2091/4578/7-046B(3).jpg,http://webiol.homenetinc.com/dealers/2091/4578/7-046B(4).jpg,http://webiol.homenetinc.com/dealers/2091/4578/7-046B(5).jpg"
"401","USED","7-004B","1GCEC19X83Z354531","2003","Chevrolet","Silverado 1500","Extended Cab Pickup","","CC15753","2","WHITE","","6","4.3L","Automatic","44248","False","5/12/2007","This truck is a great value! Automatic, A/C, tonneau cover, and more!","","http://webiol.homenetinc.com/dealers/2091/4578/7-004B.jpg,http://webiol.homenetinc.com/dealers/2091/4578/7-004B(2).jpg,http://webiol.homenetinc.com/dealers/2091/4578/7-004B(3).jpg,http://webiol.homenetinc.com/dealers/2091/4578/7-004B(4).jpg,http://webiol.homenetinc.com/dealers/2091/4578/7-004B(5).jpg,http://webiol.homenetinc.com/dealers/2091/4578/7-004B(6).jpg,http://webiol.homenetinc.com/dealers/2091/4578/7-004B(7).jpg,http://webiol.homenetinc.com/dealers/2091/4578/7-004B(8).jpg,http://webiol.homenetinc.com/dealers/2091/4578/7-004B(9).jpg,http://webiol.homenetinc.com/dealers/2091/4578/7-004B(10).jpg,http://webiol.homenetinc.com/dealers/2091/4578/7-004B(11).jpg,http://webiol.homenetinc.com/dealers/2091/4578/7-004B(12).jpg"
"401","USED","7-061C","1GKDT13W3V2552624","1997","GMC","Jimmy","Sport Utility","SLT","TT10506","4","WHITE","","6","4.3L","Automatic","138123","False","7/20/2007","This Jimmy was a recent trade-in. This has been through our service department and is in good mechanical and exterior condition.","","http://webiol.homenetinc.com/dealers/2091/4578/7-061C.jpg,http://webiol.homenetinc.com/dealers/2091/4578/7-061C(2).jpg,http://webiol.homenetinc.com/dealers/2091/4578/7-061C(3).jpg,http://webiol.homenetinc.com/dealers/2091/4578/7-061C(4).jpg,http://webiol.homenetinc.com/dealers/2091/4578/7-061C(5).jpg,http://webiol.homenetinc.com/dealers/2091/4578/7-061C(6).jpg,http://webiol.homenetinc.com/dealers/2091/4578/7-061C(7).jpg,http://webiol.homenetinc.com/dealers/2091/4578/7-061C(8).jpg,http://webiol.homenetinc.com/dealers/2091/4578/7-061C(9).jpg,http://webiol.homenetinc.com/dealers/2091/4578/7-061C(10).jpg"
"401","USED","A343A","1D4GP25B86B591145","2006","Dodge","Caravan","Mini-van, Passenger","SE","RSKL52","4","INFE. RED","","4","2.4L","Automatic","9829","True","7/25/2007","Look at the low miles! This Caravan was originally purchased here brand new is is a one owner, locally owned and traded. This is a Caravan SE with A/C, three rows of seats, and great gas mileage at up to 26 MPG! This Caravan is also FACTORY CERTIFIED with a powertrain warranty up to 80,000 miles!","","http://webiol.homenetinc.com/dealers/2091/4578/A343A.jpg,http://webiol.homenetinc.com/dealers/2091/4578/A343A(2).jpg,http://webiol.homenetinc.com/dealers/2091/4578/A343A(3).jpg,http://webiol.homenetinc.com/dealers/2091/4578/A343A(4).jpg,http://webiol.homenetinc.com/dealers/2091/4578/A343A(5).jpg,http://webiol.homenetinc.com/dealers/2091/4578/A343A(6).jpg,http://webiol.homenetinc.com/dealers/2091/4578/A343A(7).jpg,http://webiol.homenetinc.com/dealers/2091/4578/A343A(8).jpg,http://webiol.homenetinc.com/dealers/2091/4578/A343A(9).jpg,http://webiol.homenetinc.com/dealers/2091/4578/A343A(10).jpg,http://webiol.homenetinc.com/dealers/2091/4578/A343A(11).jpg,http://webiol.homenetinc.com/dealers/2091/4578/A343A(12).jpg,http://webiol.homenetinc.com/dealers/2091/4578/A343A(13).jpg,http://webiol.homenetinc.com/dealers/2091/4578/A343A(14).jpg"
"401","USED","7-106A","2C8GF68454R335188","2004","Chrysler","Pacifica","Station Wagon","Touring AWD","CSCS74","4","BUTANE BLUE","","6","3.5L","","99290","False","8/21/2007","This Pacifica is a one owner and local trade-in. This is an All-Wheel Drive model with heated front AND second row leather seats, third row seat, rear heat and A/C, chrome wheels, power moonroof, and much more!","","http://webiol.homenetinc.com/dealers/2091/4578/7-106A.jpg,http://webiol.homenetinc.com/dealers/2091/4578/7-106A(2).jpg,http://webiol.homenetinc.com/dealers/2091/4578/7-106A(3).jpg,http://webiol.homenetinc.com/dealers/2091/4578/7-106A(4).jpg,http://webiol.homenetinc.com/dealers/2091/4578/7-106A(5).jpg,http://webiol.homenetinc.com/dealers/2091/4578/7-106A(6).jpg,http://webiol.homenetinc.com/dealers/2091/4578/7-106A(7).jpg,http://webiol.homenetinc.com/dealers/2091/4578/7-106A(8).jpg,http://webiol.homenetinc.com/dealers/2091/4578/7-106A(9).jpg,http://webiol.homenetinc.com/dealers/2091/4578/7-106A(10).jpg,http://webiol.homenetinc.com/dealers/2091/4578/7-106A(11).jpg,http://webiol.homenetinc.com/dealers/2091/4578/7-106A(12).jpg,http://webiol.homenetinc.com/dealers/2091/4578/7-106A(13).jpg,http://webiol.homenetinc.com/dealers/2091/4578/7-106A(14).jpg,http://webiol.homenetinc.com/dealers/2091/4578/7-106A(15).jpg"
"401","USED","A378","2C4GM48L15R484167","2005","Chrysler","Pacifica","Station Wagon","","CSYH74","4","SILVER","","6","3.8L","","29989","True","8/28/2007","What a value! This Pacifica is a one owner, off-lease vehicle. This Pacifica is a 5-passenger with plenty of storage in the rear of the car. This Pacifica is also FACTORY CERTIFIED with the balance of an 80,000 mile powertrain warranty!","","http://webiol.homenetinc.com/dealers/2091/4578/A378.jpg,http://webiol.homenetinc.com/dealers/2091/4578/A378(2).jpg,http://webiol.homenetinc.com/dealers/2091/4578/A378(3).jpg,http://webiol.homenetinc.com/dealers/2091/4578/A378(4).jpg,http://webiol.homenetinc.com/dealers/2091/4578/A378(5).jpg,http://webiol.homenetinc.com/dealers/2091/4578/A378(6).jpg,http://webiol.homenetinc.com/dealers/2091/4578/A378(7).jpg,http://webiol.homenetinc.com/dealers/2091/4578/A378(8).jpg,http://webiol.homenetinc.com/dealers/2091/4578/A378(9).jpg,http://webiol.homenetinc.com/dealers/2091/4578/A378(10).jpg,http://webiol.homenetinc.com/dealers/2091/4578/A378(11).jpg,http://webiol.homenetinc.com/dealers/2091/4578/A378(12).jpg"
"401","USED","7-107A","1D7HW48N25S142649","2005","Dodge","Dakota Quad Cab","Crew Cab Pickup","SLT 4X4","ND5H84","4","DARK GARNET","Gray","8","4.7L","Automatic","49395","True","8/23/2007","This Dakota is a one owner, locally owned and traded, and was originally purchased here brand new. This is a 4X4, 4.7L V8, SLT, factory tow package, power driver seat, MOPAR fiberglass tonneau cover, MOPAR chrome tubular side steps, and much more! This Dakota is also FACTORY CERTIFIED with the balance of an 80,000 mile powertrain warranty!","","http://webiol.homenetinc.com/dealers/2091/4578/7-107A.jpg,http://webiol.homenetinc.com/dealers/2091/4578/7-107A(2).jpg,http://webiol.homenetinc.com/dealers/2091/4578/7-107A(3).jpg,http://webiol.homenetinc.com/dealers/2091/4578/7-107A(4).jpg,http://webiol.homenetinc.com/dealers/2091/4578/7-107A(5).jpg,http://webiol.homenetinc.com/dealers/2091/4578/7-107A(6).jpg,http://webiol.homenetinc.com/dealers/2091/4578/7-107A(7).jpg,http://webiol.homenetinc.com/dealers/2091/4578/7-107A(8).jpg,http://webiol.homenetinc.com/dealers/2091/4578/7-107A(9).jpg,http://webiol.homenetinc.com/dealers/2091/4578/7-107A(10).jpg,http://webiol.homenetinc.com/dealers/2091/4578/7-107A(11).jpg,http://webiol.homenetinc.com/dealers/2091/4578/7-107A(12).jpg"
"401","USED","A338","1A4GP44R16B751447","2006","Chrysler","Town & Country LWB","Mini-van, Passenger","LX","RSYH53","4","WHITE","","6","3.3L","Automatic","34586","True","9/4/2007","This Town & Country is an LX package and includes a power drivers seat, CD, rear heat and air conditioning, stow'n'go seating, remote keyless entry and much more! This Town & Country is also FACTORY CERTIFIED with the balance of an 80,000 mile powertrain warranty!","","http://webiol.homenetinc.com/dealers/2091/4578/A338.jpg,http://webiol.homenetinc.com/dealers/2091/4578/A338(2).jpg,http://webiol.homenetinc.com/dealers/2091/4578/A338(3).jpg,http://webiol.homenetinc.com/dealers/2091/4578/A338(4).jpg,http://webiol.homenetinc.com/dealers/2091/4578/A338(5).jpg,http://webiol.homenetinc.com/dealers/2091/4578/A338(6).jpg,http://webiol.homenetinc.com/dealers/2091/4578/A338(7).jpg,http://webiol.homenetinc.com/dealers/2091/4578/A338(8).jpg,http://webiol.homenetinc.com/dealers/2091/4578/A338(9).jpg,http://webiol.homenetinc.com/dealers/2091/4578/A338(10).jpg,http://webiol.homenetinc.com/dealers/2091/4578/A338(11).jpg,http://webiol.homenetinc.com/dealers/2091/4578/A338(12).jpg,http://webiol.homenetinc.com/dealers/2091/4578/A338(13).jpg,http://webiol.homenetinc.com/dealers/2091/4578/A338(14).jpg"
"401","USED","7-105A","1B7HF13Z9WJ216806","1998","Dodge","Ram 1500","Extended Cab Pickup","SLT Quad Cab 4X4","BE6L34","2","GREEN","Gray","8","5.9L","","89129","False","8/21/2007","HARD TO FIND Quad Cab with an 8' bed! This is an SLT package with power windows and locks, tow package and more! Locally owned and traded for a new Dodge.","","http://webiol.homenetinc.com/dealers/2091/4578/7-105A.jpg,http://webiol.homenetinc.com/dealers/2091/4578/7-105A(2).jpg,http://webiol.homenetinc.com/dealers/2091/4578/7-105A(3).jpg,http://webiol.homenetinc.com/dealers/2091/4578/7-105A(4).jpg,http://webiol.homenetinc.com/dealers/2091/4578/7-105A(5).jpg,http://webiol.homenetinc.com/dealers/2091/4578/7-105A(6).jpg,http://webiol.homenetinc.com/dealers/2091/4578/7-105A(7).jpg,http://webiol.homenetinc.com/dealers/2091/4578/7-105A(8).jpg,http://webiol.homenetinc.com/dealers/2091/4578/7-105A(9).jpg,http://webiol.homenetinc.com/dealers/2091/4578/7-105A(10).jpg,http://webiol.homenetinc.com/dealers/2091/4578/7-105A(11).jpg,http://webiol.homenetinc.com/dealers/2091/4578/7-105A(12).jpg,http://webiol.homenetinc.com/dealers/2091/4578/7-105A(13).jpg"
"401","USED","A339","1B3HB28B47D511763","2007","Dodge","Caliber","4dr Car","SE","PMDL49","4","SILVER","","4","2.0L","Automatic","31207","True","9/4/2007","This Caliber is an SE package with power windows and locks, remote keyless entry, CD player, speed control, the smooth CVT automatic transmission, A/C with CHILLZONE, and more! This Caliber is FACTORY CERTIFIED with the balance of an 80,000 mile powertrain warranty!","","http://webiol.homenetinc.com/dealers/2091/4578/A339.jpg,http://webiol.homenetinc.com/dealers/2091/4578/A339(2).jpg,http://webiol.homenetinc.com/dealers/2091/4578/A339(3).jpg,http://webiol.homenetinc.com/dealers/2091/4578/A339(4).jpg,http://webiol.homenetinc.com/dealers/2091/4578/A339(5).jpg,http://webiol.homenetinc.com/dealers/2091/4578/A339(6).jpg,http://webiol.homenetinc.com/dealers/2091/4578/A339(7).jpg,http://webiol.homenetinc.com/dealers/2091/4578/A339(8).jpg,http://webiol.homenetinc.com/dealers/2091/4578/A339(9).jpg,http://webiol.homenetinc.com/dealers/2091/4578/A339(10).jpg,http://webiol.homenetinc.com/dealers/2091/4578/A339(11).jpg,http://webiol.homenetinc.com/dealers/2091/4578/A339(12).jpg,http://webiol.homenetinc.com/dealers/2091/4578/A339(13).jpg"
"401","USED","7-091A","3GNEC13T53G116553","2003","Chevrolet","Avalanche","Crew Cab Pickup","","CC15936","4","PEWTER","Gray","8","5.3L","Automatic","49112","False","9/6/2007","","Driver Air Bag,Passenger Air Bag,Passenger Air Bag On/Off Switch,Climate Control,Dual Zone A/C,Alarm,AM/FM Stereo,CD Player,4-Wheel ABS,4-Wheel Disc Brakes,Cruise Control,Rear Defrost,Rear Wheel Drive,Front Floor Mats,Daytime Running Lights,Keyless Entry,Power Door Locks,Heated Mirrors,Power Driver Mirror,Power Driver Seat,Cloth Seats,Split Bench Seat,Power Steering,Adjustable Steering Wheel,Full Size Spare Tire,Aluminum Wheels,Power Windows,Intermittent Wipers,Tires - Front Touring,Tires - Rear Touring,Fog Lamps,Power Passenger Mirror,Heated Exterior Driver Mirror,Heated Exterior Passenger Mirror,Privacy Glass,Auxiliary Pwr Outlet,Vehicle Anti-Theft System,Electrochromic rearview mirror,Driver Illuminated Vanity Mirror,Passenger Illuminated Visor Mirror,Front Reading Lamps,Rear Reading Lamps,Leather Wrapped Steering Wheel,Front Tow Hooks,Bed Liner","http://webiol.homenetinc.com/dealers/2091/4578/7-091A.jpg,http://webiol.homenetinc.com/dealers/2091/4578/7-091A(2).jpg,http://webiol.homenetinc.com/dealers/2091/4578/7-091A(3).jpg,http://webiol.homenetinc.com/dealers/2091/4578/7-091A(4).jpg,http://webiol.homenetinc.com/dealers/2091/4578/7-091A(5).jpg,http://webiol.homenetinc.com/dealers/2091/4578/7-091A(6).jpg,http://webiol.homenetinc.com/dealers/2091/4578/7-091A(7).jpg,http://webiol.homenetinc.com/dealers/2091/4578/7-091A(8).jpg,http://webiol.homenetinc.com/dealers/2091/4578/7-091A(9).jpg,http://webiol.homenetinc.com/dealers/2091/4578/7-091A(10).jpg,http://webiol.homenetinc.com/dealers/2091/4578/7-091A(11).jpg,http://webiol.homenetinc.com/dealers/2091/4578/7-091A(12).jpg"
"401","USED","A381","2C4GP54L15R185247","2005","Chrysler","Town & Country","Mini-van, Passenger","Touring","RSYP53","4","MAGNESIUM","","6","3.8L","Automatic","24645","True","9/13/2007","This Town & Country is a one owner, off lease vehicle. This is a Touring package with the 3.8L V6, dual power sliding doors and a power liftgate, overhead console with compass and temperature, CD player, power driver seat, remote keyless entry, rear heat and a/c and much more! This Town & Country is also FACTORY CERTIFIED with the balance of an 80,000 mile powertrain warranty!","","http://webiol.homenetinc.com/dealers/2091/4578/A381.jpg,http://webiol.homenetinc.com/dealers/2091/4578/A381(2).jpg,http://webiol.homenetinc.com/dealers/2091/4578/A381(3).jpg,http://webiol.homenetinc.com/dealers/2091/4578/A381(4).jpg,http://webiol.homenetinc.com/dealers/2091/4578/A381(5).jpg,http://webiol.homenetinc.com/dealers/2091/4578/A381(6).jpg,http://webiol.homenetinc.com/dealers/2091/4578/A381(7).jpg,http://webiol.homenetinc.com/dealers/2091/4578/A381(8).jpg,http://webiol.homenetinc.com/dealers/2091/4578/A381(9).jpg,http://webiol.homenetinc.com/dealers/2091/4578/A381(10).jpg,http://webiol.homenetinc.com/dealers/2091/4578/A381(11).jpg,http://webiol.homenetinc.com/dealers/2091/4578/A381(12).jpg,http://webiol.homenetinc.com/dealers/2091/4578/A381(13).jpg,http://webiol.homenetinc.com/dealers/2091/4578/A381(14).jpg"
"401","USED","7-055C","2GTEK19T421336261","2002","GMC","Sierra 1500","Extended Cab Pickup","SLT 4X4","TK15753","2","MAROON","Taupe","8","5.3L","Automatic","61819","False","9/8/2007","WOW! This truck is loaded! This is an SLT package with heated leather seats, memory, power seats, chrome wheels, tow package, bedliner and much more!","","http://webiol.homenetinc.com/dealers/2091/4578/7-055C.jpg,http://webiol.homenetinc.com/dealers/2091/4578/7-055C(2).jpg,http://webiol.homenetinc.com/dealers/2091/4578/7-055C(3).jpg,http://webiol.homenetinc.com/dealers/2091/4578/7-055C(4).jpg,http://webiol.homenetinc.com/dealers/2091/4578/7-055C(5).jpg,http://webiol.homenetinc.com/dealers/2091/4578/7-055C(6).jpg,http://webiol.homenetinc.com/dealers/2091/4578/7-055C(7).jpg,http://webiol.homenetinc.com/dealers/2091/4578/7-055C(8).jpg,http://webiol.homenetinc.com/dealers/2091/4578/7-055C(9).jpg,http://webiol.homenetinc.com/dealers/2091/4578/7-055C(10).jpg,http://webiol.homenetinc.com/dealers/2091/4578/7-055C(11).jpg,http://webiol.homenetinc.com/dealers/2091/4578/7-055C(12).jpg,http://webiol.homenetinc.com/dealers/2091/4578/7-055C(13).jpg"
"401","USED","8-005A","2D4GP44L63R110845","2003","Dodge","Grand Caravan","Mini-van, Passenger","Sport","RSKH53","4","BUTANE BLUE","","6","3.8L","Automatic","91015","False","9/19/2007","This Grand Caravan is a one owner, originally purchased here new, and locally owned and traded. This is a Sport package with the 3.8L V6, dual sliding doors, quad bucket seats with rear heat and a/c, power driver seat, and much more!","","http://webiol.homenetinc.com/dealers/2091/4578/8-005A.jpg,http://webiol.homenetinc.com/dealers/2091/4578/8-005A(2).jpg,http://webiol.homenetinc.com/dealers/2091/4578/8-005A(3).jpg,http://webiol.homenetinc.com/dealers/2091/4578/8-005A(4).jpg,http://webiol.homenetinc.com/dealers/2091/4578/8-005A(5).jpg,http://webiol.homenetinc.com/dealers/2091/4578/8-005A(6).jpg,http://webiol.homenetinc.com/dealers/2091/4578/8-005A(7).jpg,http://webiol.homenetinc.com/dealers/2091/4578/8-005A(8).jpg,http://webiol.homenetinc.com/dealers/2091/4578/8-005A(9).jpg,http://webiol.homenetinc.com/dealers/2091/4578/8-005A(10).jpg,http://webiol.homenetinc.com/dealers/2091/4578/8-005A(11).jpg,http://webiol.homenetinc.com/dealers/2091/4578/8-005A(12).jpg,http://webiol.homenetinc.com/dealers/2091/4578/8-005A(13).jpg,http://webiol.homenetinc.com/dealers/2091/4578/8-005A(14).jpg"
"401","USED","P304","1C3LC56K77N547097","2007","Chrysler","Sebring Sdn","4dr Car","Touring","JSCP41","4","INF. RED","","4","2.4L","Automatic","16782","True","9/18/2007","This Sebring is a Touring package with fuel efficient 4 cylinder engine, aluminum wheels, CD player, power windows, locks and remote keyless entry...and much more! This Sebring is also FACTORY CERTIFIED with the balance of an 80,000 mile powertrain warranty!","","http://webiol.homenetinc.com/dealers/2091/4578/P304.jpg,http://webiol.homenetinc.com/dealers/2091/4578/P304(2).jpg,http://webiol.homenetinc.com/dealers/2091/4578/P304(3).jpg,http://webiol.homenetinc.com/dealers/2091/4578/P304(4).jpg,http://webiol.homenetinc.com/dealers/2091/4578/P304(5).jpg,http://webiol.homenetinc.com/dealers/2091/4578/P304(6).jpg,http://webiol.homenetinc.com/dealers/2091/4578/P304(7).jpg,http://webiol.homenetinc.com/dealers/2091/4578/P304(8).jpg,http://webiol.homenetinc.com/dealers/2091/4578/P304(9).jpg,http://webiol.homenetinc.com/dealers/2091/4578/P304(10).jpg,http://webiol.homenetinc.com/dealers/2091/4578/P304(11).jpg,http://webiol.homenetinc.com/dealers/2091/4578/P304(12).jpg,http://webiol.homenetinc.com/dealers/2091/4578/P304(13).jpg"
"401","USED","7-068B","JN1CA31A4YT201187","2000","Nissan","Maxima","4dr Car","SE","08210","4","GREEN","Tan","6","3.0L","Automatic","119906","False","9/29/2007","Look at the equipment on this Maxima! LEATHER! MOONROOF! This is a very nice car and was owned by a Nissan technician, it is in great condition!","Driver Air Bag,Passenger Air Bag,A/C,AM/FM Stereo,Cassette,CD Player,4-Wheel ABS,4-Wheel Disc Brakes,Cruise Control,Rear Defrost,Child Safety Locks,Front Wheel Drive,Auto-On Headlights,Keyless Entry,Power Door Locks,Power Driver Mirror,Pass-Through Rear Seat,Cloth Seats,Power Steering,Cell Phone Hookup,Adjustable Steering Wheel,Tires - Front Performance,Tires - Rear Performance,Compact Spare Tire,Aluminum Wheels,Power Windows,Intermittent Wipers,Fog Lamps,Power Passenger Mirror,Auxiliary Pwr Outlet,Vehicle Anti-Theft System,Auto-Off Headlights,Driver Illuminated Vanity Mirror,Passenger Illuminated Visor Mirror,Front Reading Lamps,Leather Wrapped Steering Wheel,Rear Spoiler","http://webiol.homenetinc.com/dealers/2091/4578/7-068B.jpg,http://webiol.homenetinc.com/dealers/2091/4578/7-068B(2).jpg,http://webiol.homenetinc.com/dealers/2091/4578/7-068B(3).jpg,http://webiol.homenetinc.com/dealers/2091/4578/7-068B(4).jpg,http://webiol.homenetinc.com/dealers/2091/4578/7-068B(5).jpg,http://webiol.homenetinc.com/dealers/2091/4578/7-068B(6).jpg,http://webiol.homenetinc.com/dealers/2091/4578/7-068B(7).jpg,http://webiol.homenetinc.com/dealers/2091/4578/7-068B(8).jpg,http://webiol.homenetinc.com/dealers/2091/4578/7-068B(9).jpg,http://webiol.homenetinc.com/dealers/2091/4578/7-068B(10).jpg,http://webiol.homenetinc.com/dealers/2091/4578/7-068B(11).jpg,http://webiol.homenetinc.com/dealers/2091/4578/7-068B(12).jpg,http://webiol.homenetinc.com/dealers/2091/4578/7-068B(13).jpg"
"401","USED","P295","1B7HD14T4GS016878","1986","DODGE","D-150","PICKUP","","","","BLACK","","8","5.2L","Automatic","64026","False","2/21/2007","MILEAGE EML","","http://webiol.homenetinc.com/dealers/2091/4578/P295.jpg,http://webiol.homenetinc.com/dealers/2091/4578/P295(2).jpg,http://webiol.homenetinc.com/dealers/2091/4578/P295(3).jpg,http://webiol.homenetinc.com/dealers/2091/4578/P295(4).jpg,http://webiol.homenetinc.com/dealers/2091/4578/P295(5).jpg"
"401","USED","7-117A","1GKDM19X33B503708","2003","GMC","Safari","Mini-van, Passenger","SLT","TM11006","3","TEAL","","6","4.3L","Automatic","57280","False","10/1/2007","This Safari is a local trade-in. It is an SLT package with leather seats, rear heat and air conditioning, middle row leather captains chairs, aluminum wheels, running boards and much more!","","http://webiol.homenetinc.com/dealers/2091/4578/7-117A.jpg,http://webiol.homenetinc.com/dealers/2091/4578/7-117A(2).jpg,http://webiol.homenetinc.com/dealers/2091/4578/7-117A(3).jpg,http://webiol.homenetinc.com/dealers/2091/4578/7-117A(4).jpg,http://webiol.homenetinc.com/dealers/2091/4578/7-117A(5).jpg,http://webiol.homenetinc.com/dealers/2091/4578/7-117A(6).jpg,http://webiol.homenetinc.com/dealers/2091/4578/7-117A(7).jpg,http://webiol.homenetinc.com/dealers/2091/4578/7-117A(8).jpg,http://webiol.homenetinc.com/dealers/2091/4578/7-117A(9).jpg,http://webiol.homenetinc.com/dealers/2091/4578/7-117A(10).jpg,http://webiol.homenetinc.com/dealers/2091/4578/7-117A(11).jpg,http://webiol.homenetinc.com/dealers/2091/4578/7-117A(12).jpg,http://webiol.homenetinc.com/dealers/2091/4578/7-117A(13).jpg,http://webiol.homenetinc.com/dealers/2091/4578/7-117A(14).jpg"
"401","USED","8-007A","1D7HA18D64S740441","2004","Dodge","Ram 1500","Crew Cab Pickup","Quad Cab SLT","DR1H41","4","PATRIOT BLUE","Gray","8","5.7L","Automatic","37841","True","10/13/2007","This Ram is a one owner and was originally purchased from us brand new! This is an SLT package with power windows and locks, remote keyless entry, CD player, power driver seat, chrome side steps, 20 chrome wheels, factory tow package, soft tonneau cover, and much more!","","http://webiol.homenetinc.com/dealers/2091/4578/8-007A.jpg,http://webiol.homenetinc.com/dealers/2091/4578/8-007A(2).jpg,http://webiol.homenetinc.com/dealers/2091/4578/8-007A(3).jpg,http://webiol.homenetinc.com/dealers/2091/4578/8-007A(4).jpg,http://webiol.homenetinc.com/dealers/2091/4578/8-007A(5).jpg,http://webiol.homenetinc.com/dealers/2091/4578/8-007A(6).jpg,http://webiol.homenetinc.com/dealers/2091/4578/8-007A(7).jpg,http://webiol.homenetinc.com/dealers/2091/4578/8-007A(8).jpg,http://webiol.homenetinc.com/dealers/2091/4578/8-007A(9).jpg,http://webiol.homenetinc.com/dealers/2091/4578/8-007A(10).jpg,http://webiol.homenetinc.com/dealers/2091/4578/8-007A(11).jpg,http://webiol.homenetinc.com/dealers/2091/4578/8-007A(12).jpg"
"401","USED","A375","1D7HW48NX5S305936","2005","Dodge","Dakota Quad Cab","Quad Cab Pickup","SLT 4X4","ND5H84","4","SILVER","","8","4.7L","Automatic","10031","True","6/21/2007","Look at the low miles! This Dakota is a one owner, off-lease vehicle. This Dakota is an SLT package with the 4.7L V8, power windows and locks, remote keyless entry, factory trailer tow group, bedliner and more! This Dakota is also FACTORY CERTIFIED with the balance of an 80,000 mile powertrain warranty included!","","http://webiol.homenetinc.com/dealers/2091/4578/A375.jpg,http://webiol.homenetinc.com/dealers/2091/4578/A375(2).jpg,http://webiol.homenetinc.com/dealers/2091/4578/A375(3).jpg,http://webiol.homenetinc.com/dealers/2091/4578/A375(4).jpg,http://webiol.homenetinc.com/dealers/2091/4578/A375(5).jpg,http://webiol.homenetinc.com/dealers/2091/4578/A375(6).jpg,http://webiol.homenetinc.com/dealers/2091/4578/A375(7).jpg,http://webiol.homenetinc.com/dealers/2091/4578/A375(8).jpg,http://webiol.homenetinc.com/dealers/2091/4578/A375(9).jpg,http://webiol.homenetinc.com/dealers/2091/4578/A375(10).jpg,http://webiol.homenetinc.com/dealers/2091/4578/A375(11).jpg,http://webiol.homenetinc.com/dealers/2091/4578/A375(12).jpg,http://webiol.homenetinc.com/dealers/2091/4578/A375(13).jpg"
"401","USED","7-054B","4M2DV11W7TDJ59164","1996","Mercury","Villager","GS","GS","","","GREEN","Gray","6","3.0","Automatic","126470","False","10/16/2007","This Villager is a local trade-in and is very clean. This has been very well taken care of, come see for yourself! 4 NEW TIRES!","","http://webiol.homenetinc.com/dealers/2091/4578/7-054B.jpg,http://webiol.homenetinc.com/dealers/2091/4578/7-054B(2).jpg,http://webiol.homenetinc.com/dealers/2091/4578/7-054B(3).jpg,http://webiol.homenetinc.com/dealers/2091/4578/7-054B(4).jpg,http://webiol.homenetinc.com/dealers/2091/4578/7-054B(5).jpg,http://webiol.homenetinc.com/dealers/2091/4578/7-054B(6).jpg,http://webiol.homenetinc.com/dealers/2091/4578/7-054B(7).jpg,http://webiol.homenetinc.com/dealers/2091/4578/7-054B(8).jpg,http://webiol.homenetinc.com/dealers/2091/4578/7-054B(9).jpg,http://webiol.homenetinc.com/dealers/2091/4578/7-054B(10).jpg,http://webiol.homenetinc.com/dealers/2091/4578/7-054B(11).jpg,http://webiol.homenetinc.com/dealers/2091/4578/7-054B(12).jpg,http://webiol.homenetinc.com/dealers/2091/4578/7-054B(13).jpg,http://webiol.homenetinc.com/dealers/2091/4578/7-054B(14).jpg"
"401","USED","A360A","2C3HC56G7XH566680","1999","Chrysler","LHS","4dr Car","","LHCP41","4","GOLD","Tan","6","3.5L","","192824","False","10/18/2007","Local trade-in, highway miles. LEATHER! 3.5L, 250 HP V6! NEW TIRES! This LHS runs great!","","http://webiol.homenetinc.com/dealers/2091/4578/A360A.jpg,http://webiol.homenetinc.com/dealers/2091/4578/A360A(2).jpg,http://webiol.homenetinc.com/dealers/2091/4578/A360A(3).jpg,http://webiol.homenetinc.com/dealers/2091/4578/A360A(4).jpg,http://webiol.homenetinc.com/dealers/2091/4578/A360A(5).jpg,http://webiol.homenetinc.com/dealers/2091/4578/A360A(6).jpg,http://webiol.homenetinc.com/dealers/2091/4578/A360A(7).jpg,http://webiol.homenetinc.com/dealers/2091/4578/A360A(8).jpg,http://webiol.homenetinc.com/dealers/2091/4578/A360A(9).jpg,http://webiol.homenetinc.com/dealers/2091/4578/A360A(10).jpg,http://webiol.homenetinc.com/dealers/2091/4578/A360A(11).jpg,http://webiol.homenetinc.com/dealers/2091/4578/A360A(12).jpg,http://webiol.homenetinc.com/dealers/2091/4578/A360A(13).jpg"
"401","USED","P306B","3VWSA29M4XM084514","1999","Volkswagen","New Jetta","4dr Car","GLS","9M28K4","4","BLUE","Tan","4","2.0L","","118264","False","10/4/2007","This Jetta is a local trade in. This package includes leather seats, aluminum wheels, power moonroof and more!","","http://webiol.homenetinc.com/dealers/2091/4578/P306B.jpg,http://webiol.homenetinc.com/dealers/2091/4578/P306B(2).jpg,http://webiol.homenetinc.com/dealers/2091/4578/P306B(3).jpg,http://webiol.homenetinc.com/dealers/2091/4578/P306B(4).jpg,http://webiol.homenetinc.com/dealers/2091/4578/P306B(5).jpg,http://webiol.homenetinc.com/dealers/2091/4578/P306B(6).jpg,http://webiol.homenetinc.com/dealers/2091/4578/P306B(7).jpg,http://webiol.homenetinc.com/dealers/2091/4578/P306B(8).jpg,http://webiol.homenetinc.com/dealers/2091/4578/P306B(9).jpg,http://webiol.homenetinc.com/dealers/2091/4578/P306B(10).jpg,http://webiol.homenetinc.com/dealers/2091/4578/P306B(11).jpg,http://webiol.homenetinc.com/dealers/2091/4578/P306B(12).jpg,http://webiol.homenetinc.com/dealers/2091/4578/P306B(13).jpg"
"401","USED","7-114A","1B3EJ46X9XN684155","1999","Dodge","Stratus","4dr Car","SE","JADH41","4","GREEN","Gray","4","2.4L","Automatic","92658","False","9/17/2007","ONE OWNER!!! This Stratus is in great condition, is very fuel efficient, has power windows, locks, A/C, automatic transmission and more! What a great buy!","","http://webiol.homenetinc.com/dealers/2091/4578/7-114A.jpg,http://webiol.homenetinc.com/dealers/2091/4578/7-114A(2).jpg,http://webiol.homenetinc.com/dealers/2091/4578/7-114A(3).jpg,http://webiol.homenetinc.com/dealers/2091/4578/7-114A(4).jpg,http://webiol.homenetinc.com/dealers/2091/4578/7-114A(5).jpg,http://webiol.homenetinc.com/dealers/2091/4578/7-114A(6).jpg,http://webiol.homenetinc.com/dealers/2091/4578/7-114A(7).jpg,http://webiol.homenetinc.com/dealers/2091/4578/7-114A(8).jpg,http://webiol.homenetinc.com/dealers/2091/4578/7-114A(9).jpg,http://webiol.homenetinc.com/dealers/2091/4578/7-114A(10).jpg,http://webiol.homenetinc.com/dealers/2091/4578/7-114A(11).jpg,http://webiol.homenetinc.com/dealers/2091/4578/7-114A(12).jpg,http://webiol.homenetinc.com/dealers/2091/4578/7-114A(13).jpg"
"401","USED","P308","1B3EL46R74N313115","2004","Dodge","Stratus","4dr Car","SXT","JRDH41","4","INFERNO RED","Gray","6","2.7L","Automatic","91298","False","10/9/2007","This Stratus is a one owner vehicle. This is an SXT package with power windows and locks, remote keyless entry, CD player, aluminum wheels, 4 NEW TIRES, and much more! Great on gas!","","http://webiol.homenetinc.com/dealers/2091/4578/P308.jpg,http://webiol.homenetinc.com/dealers/2091/4578/P308(2).jpg,http://webiol.homenetinc.com/dealers/2091/4578/P308(3).jpg,http://webiol.homenetinc.com/dealers/2091/4578/P308(4).jpg,http://webiol.homenetinc.com/dealers/2091/4578/P308(5).jpg,http://webiol.homenetinc.com/dealers/2091/4578/P308(6).jpg,http://webiol.homenetinc.com/dealers/2091/4578/P308(7).jpg,http://webiol.homenetinc.com/dealers/2091/4578/P308(8).jpg,http://webiol.homenetinc.com/dealers/2091/4578/P308(9).jpg,http://webiol.homenetinc.com/dealers/2091/4578/P308(10).jpg,http://webiol.homenetinc.com/dealers/2091/4578/P308(11).jpg,http://webiol.homenetinc.com/dealers/2091/4578/P308(12).jpg,http://webiol.homenetinc.com/dealers/2091/4578/P308(13).jpg"
"401","USED","7-040A","1J4GW48S31C674020","2001","Jeep","Grand Cherokee","Sport Utility","Laredo","WJJH74","4","WHITE","","6","4.0L","Automatic","98681","False","10/22/2007","This Grand Cherokee was a local trade-in. LOOK AT THE DVD RADIO! This is a Laredo 4X4 package with power windows and locks, remote keyless entry and much more! This Jeep is ready for winter, our service department performed transmission and coolant flushes, replaced the serpentine belt, air filter, 6 new spark plugs, new battery and replaced the rear brake pads and resurfaced the rotors! WOW!","","http://webiol.homenetinc.com/dealers/2091/4578/7-040A.jpg,http://webiol.homenetinc.com/dealers/2091/4578/7-040A(2).jpg,http://webiol.homenetinc.com/dealers/2091/4578/7-040A(3).jpg,http://webiol.homenetinc.com/dealers/2091/4578/7-040A(4).jpg,http://webiol.homenetinc.com/dealers/2091/4578/7-040A(5).jpg,http://webiol.homenetinc.com/dealers/2091/4578/7-040A(6).jpg,http://webiol.homenetinc.com/dealers/2091/4578/7-040A(7).jpg,http://webiol.homenetinc.com/dealers/2091/4578/7-040A(8).jpg,http://webiol.homenetinc.com/dealers/2091/4578/7-040A(9).jpg,http://webiol.homenetinc.com/dealers/2091/4578/7-040A(10).jpg,http://webiol.homenetinc.com/dealers/2091/4578/7-040A(11).jpg,http://webiol.homenetinc.com/dealers/2091/4578/7-040A(12).jpg,http://webiol.homenetinc.com/dealers/2091/4578/7-040A(13).jpg,http://webiol.homenetinc.com/dealers/2091/4578/7-040A(14).jpg"
"401","USED","7-111B","1J4GZ58S7SC764334","1995","Jeep","Grand Cherokee","LAREDO 4X4","","","","RED","","6","4.0","Automatic","206628","False","10/29/2007","","","http://webiol.homenetinc.com/dealers/2091/4578/7-111B.jpg,http://webiol.homenetinc.com/dealers/2091/4578/7-111B(2).jpg,http://webiol.homenetinc.com/dealers/2091/4578/7-111B(3).jpg,http://webiol.homenetinc.com/dealers/2091/4578/7-111B(4).jpg,http://webiol.homenetinc.com/dealers/2091/4578/7-111B(5).jpg"
"401","USED","7-104A","3B7HC13Y6XG129321","1999","Dodge","Ram 1500","Extended Cab Pickup","SLT","BE1L33","2","BLACK","Gray","8","5.2L","Automatic","144126","False","8/7/2007","This Ram is a local trade. This is an SLT package with power windows and locks, remote keyless entry, trailer tow package and more!","","http://webiol.homenetinc.com/dealers/2091/4578/7-104A.jpg,http://webiol.homenetinc.com/dealers/2091/4578/7-104A(2).jpg,http://webiol.homenetinc.com/dealers/2091/4578/7-104A(3).jpg,http://webiol.homenetinc.com/dealers/2091/4578/7-104A(4).jpg,http://webiol.homenetinc.com/dealers/2091/4578/7-104A(5).jpg,http://webiol.homenetinc.com/dealers/2091/4578/7-104A(6).jpg,http://webiol.homenetinc.com/dealers/2091/4578/7-104A(7).jpg,http://webiol.homenetinc.com/dealers/2091/4578/7-104A(8).jpg,http://webiol.homenetinc.com/dealers/2091/4578/7-104A(9).jpg,http://webiol.homenetinc.com/dealers/2091/4578/7-104A(10).jpg,http://webiol.homenetinc.com/dealers/2091/4578/7-104A(11).jpg,http://webiol.homenetinc.com/dealers/2091/4578/7-104A(12).jpg"
"401","USED","8-009A","2D4GP44L74R533774","2004","Dodge","Grand Caravan","Mini-van, Passenger","SXT Anniversary Ed.","RSKH53","4","SILVER","Gray","6","3.8L","Automatic","58413","True","10/26/2007","WOW! One owner, bought here new. This was limited production Anniversary Edition which includes the rear seat DVD entertainment system, chrome wheels, heated leather seats, power moonroof, quad bucket seats, rear heat and air conditioning and much, much more! This Grand Caravan is also FACTORY CERTIFIED with the balance of an 80,000 mile powertrain warranty!","","http://webiol.homenetinc.com/dealers/2091/4578/8-009A.jpg,http://webiol.homenetinc.com/dealers/2091/4578/8-009A(2).jpg,http://webiol.homenetinc.com/dealers/2091/4578/8-009A(3).jpg,http://webiol.homenetinc.com/dealers/2091/4578/8-009A(4).jpg,http://webiol.homenetinc.com/dealers/2091/4578/8-009A(5).jpg,http://webiol.homenetinc.com/dealers/2091/4578/8-009A(6).jpg,http://webiol.homenetinc.com/dealers/2091/4578/8-009A(7).jpg,http://webiol.homenetinc.com/dealers/2091/4578/8-009A(8).jpg,http://webiol.homenetinc.com/dealers/2091/4578/8-009A(9).jpg,http://webiol.homenetinc.com/dealers/2091/4578/8-009A(10).jpg,http://webiol.homenetinc.com/dealers/2091/4578/8-009A(11).jpg,http://webiol.homenetinc.com/dealers/2091/4578/8-009A(12).jpg,http://webiol.homenetinc.com/dealers/2091/4578/8-009A(13).jpg,http://webiol.homenetinc.com/dealers/2091/4578/8-009A(14).jpg,http://webiol.homenetinc.com/dealers/2091/4578/8-009A(15).jpg,http://webiol.homenetinc.com/dealers/2091/4578/8-009A(16).jpg"
"401","USED","7-078B","1G8AJ52F94Z131732","2004","Saturn","Ion","4dr Car","ION 2","ZAJ69","4","SILVER","Gray","4","2.2L","Automatic","79744","False","5/17/2007","Up to 32 MPG! This Ion is a local trade-in. This is a Level II package with power windows and locks, CD and much more!","","http://webiol.homenetinc.com/dealers/2091/4578/7-078B.jpg,http://webiol.homenetinc.com/dealers/2091/4578/7-078B(2).jpg,http://webiol.homenetinc.com/dealers/2091/4578/7-078B(3).jpg,http://webiol.homenetinc.com/dealers/2091/4578/7-078B(4).jpg,http://webiol.homenetinc.com/dealers/2091/4578/7-078B(5).jpg,http://webiol.homenetinc.com/dealers/2091/4578/7-078B(6).jpg,http://webiol.homenetinc.com/dealers/2091/4578/7-078B(7).jpg,http://webiol.homenetinc.com/dealers/2091/4578/7-078B(8).jpg,http://webiol.homenetinc.com/dealers/2091/4578/7-078B(9).jpg,http://webiol.homenetinc.com/dealers/2091/4578/7-078B(10).jpg,http://webiol.homenetinc.com/dealers/2091/4578/7-078B(11).jpg,http://webiol.homenetinc.com/dealers/2091/4578/7-078B(12).jpg,http://webiol.homenetinc.com/dealers/2091/4578/7-078B(13).jpg"
"401","New","7-093","1C3LC66K57N693018","2007","Chrysler","Sebring Sdn","4dr Car","Limited","JSCS41","4","SILVER","","4","2.4L","Automatic","0","False","7/3/2007","","Driver Air Bag,Passenger Air Bag,Side Air Bag,Side Head Air Bag,Rear Head Air Bag,Climate Control,A/C,Alarm,AM/FM Stereo,CD Player,4-Wheel ABS,Front Disc/Rear Drum Brakes,Cruise Control,Rear Defrost,Child Safety Locks,Front Wheel Drive,Variable Speed Intermittent Wipers,Steering Wheel Controls,Auxiliary Pwr Outlet,Vehicle Anti-Theft System,Auto-Off Headlights,Electrochromic rearview mirror,Driver Illuminated Vanity Mirror,Passenger Illuminated Visor Mirror,Front Reading Lamps,Driver Lumbar,Emergency Trunk Release,Remote Trunk Release,Tire Pressure Monitoring System,Trip Computer,Universal Garage Door Opener,Auto-On Headlights,Keyless Entry,Power Door Locks,Heated Mirrors,Power Driver Mirror,Power Driver Seat,Pass-Through Rear Seat,Bucket Seats,Power Steering,Adjustable Steering Wheel,Tires - Front All-Season,Tires - Rear All-Season,Compact Spare Tire,Aluminum Wheels,Power Windows,Premium Sound System,Satellite Radio,MP3 Player,Fog Lamps,Power Passenger Mirror,Heated Exterior Driver Mirror,Heated Exterior Passenger Mirror","http://webiol.homenetinc.com/stock_images/2/9381.jpg"
"401","New","8-006","1C3LC55R78N147685","2008","Chrysler","Sebring","Convertible","Touring Convertible","JSCP27","2","INFERNO RED","","6","2.7L","","2","False","10/16/2007","HARD TOP! Touring Group with heated leather seats and more!","","http://webiol.homenetinc.com/dealers/2091/4578/8-006.jpg,http://webiol.homenetinc.com/dealers/2091/4578/8-006(2).jpg,http://webiol.homenetinc.com/dealers/2091/4578/8-006(3).jpg,http://webiol.homenetinc.com/dealers/2091/4578/8-006(4).jpg,http://webiol.homenetinc.com/dealers/2091/4578/8-006(5).jpg"
"401","New","7-087","1J8HR58M67C700491","2007","Jeep","Grand Cherokee","Sport Utility","Limited 4X4","WKJP74","4","GREEN","Tan","6","3.0L","Automatic","0","False","6/19/2007","3.0L CRD Diesel! UP TO 24 MPG! This Grand Cherokee is a Limited package with added options of the GPS Navigation/Rear Back Up Camera group, trailer tow group, chrome wheels, and OWL tires.","","http://webiol.homenetinc.com/dealers/2091/4578/7-087.jpg,http://webiol.homenetinc.com/dealers/2091/4578/7-087(2).jpg,http://webiol.homenetinc.com/dealers/2091/4578/7-087(3).jpg,http://webiol.homenetinc.com/dealers/2091/4578/7-087(4).jpg,http://webiol.homenetinc.com/dealers/2091/4578/7-087(5).jpg,http://webiol.homenetinc.com/dealers/2091/4578/7-087(6).jpg"
"401","USED","8-011A","1GMDX03E2WD291182","1998","Pontiac","Trans Sport","Mini-van, Passenger","","2UM16","4","TAN","Tan","6","3.4L","","89997","False","11/7/2007","This Trans Sport is in excellant condition! This van includes leather seats, power sliding door, remote keyless entry, is a ONE OWNER and much more! Includes warranty!","","http://webiol.homenetinc.com/dealers/2091/4578/8-011A.jpg,http://webiol.homenetinc.com/dealers/2091/4578/8-011A(2).jpg,http://webiol.homenetinc.com/dealers/2091/4578/8-011A(3).jpg,http://webiol.homenetinc.com/dealers/2091/4578/8-011A(4).jpg,http://webiol.homenetinc.com/dealers/2091/4578/8-011A(5).jpg,http://webiol.homenetinc.com/dealers/2091/4578/8-011A(6).jpg,http://webiol.homenetinc.com/dealers/2091/4578/8-011A(7).jpg,http://webiol.homenetinc.com/dealers/2091/4578/8-011A(8).jpg,http://webiol.homenetinc.com/dealers/2091/4578/8-011A(9).jpg,http://webiol.homenetinc.com/dealers/2091/4578/8-011A(10).jpg,http://webiol.homenetinc.com/dealers/2091/4578/8-011A(11).jpg,http://webiol.homenetinc.com/dealers/2091/4578/8-011A(12).jpg,http://webiol.homenetinc.com/dealers/2091/4578/8-011A(13).jpg,http://webiol.homenetinc.com/dealers/2091/4578/8-011A(14).jpg"
"401","USED","6-098C","1G4HR54K31U140678","2001","Buick","LeSabre","4dr Car","Limited","4HR69","4","WHITE","","6","3.8L","Automatic","104892","False","11/9/2007","GREAT VALUE! This Buick is in excellant condition for the year and miles! And this is loaded! Leather seats, power moonroof, Heads up display (projects the speedometer reading onto the windshield in front of driver), power seats and much more! This Lesabre has been very well taken care of!","","http://webiol.homenetinc.com/dealers/2091/4578/6-098C.jpg,http://webiol.homenetinc.com/dealers/2091/4578/6-098C(2).jpg,http://webiol.homenetinc.com/dealers/2091/4578/6-098C(3).jpg,http://webiol.homenetinc.com/dealers/2091/4578/6-098C(4).jpg,http://webiol.homenetinc.com/dealers/2091/4578/6-098C(5).jpg,http://webiol.homenetinc.com/dealers/2091/4578/6-098C(6).jpg,http://webiol.homenetinc.com/dealers/2091/4578/6-098C(7).jpg,http://webiol.homenetinc.com/dealers/2091/4578/6-098C(8).jpg,http://webiol.homenetinc.com/dealers/2091/4578/6-098C(9).jpg,http://webiol.homenetinc.com/dealers/2091/4578/6-098C(10).jpg,http://webiol.homenetinc.com/dealers/2091/4578/6-098C(11).jpg,http://webiol.homenetinc.com/dealers/2091/4578/6-098C(12).jpg,http://webiol.homenetinc.com/dealers/2091/4578/6-098C(13).jpg"
"401","USED","P307A","1FMDU32X9RUD98117","1994","Ford","Explorer","WAGON 4 DOOR","XLT","","","GREEN","Gray","6","4.0","","102831","False","11/2/2007","Local trade-in, this Explorer is in good condition.","","http://webiol.homenetinc.com/dealers/2091/4578/P307A.jpg,http://webiol.homenetinc.com/dealers/2091/4578/P307A(2).jpg,http://webiol.homenetinc.com/dealers/2091/4578/P307A(3).jpg,http://webiol.homenetinc.com/dealers/2091/4578/P307A(4).jpg,http://webiol.homenetinc.com/dealers/2091/4578/P307A(5).jpg"
"401","USED","P309A","3B7KF2362XG182406","1999","Dodge","Ram 2500","Extended Cab Pickup","","","2","BLACK","","8","5.9L","Automatic","122810","False","11/20/2007","","Four Wheel Drive,Variable Speed Intermittent Wipers,Driver Air Bag,Vinyl Seats,Front Disc/Rear Drum Brakes,Full Size Spare Tire,Cassette,Tires - Front All-Season,Tires - Rear All-Season,Passenger Air Bag,ABS,Steel Wheels,AM/FM Stereo,Fourth Passenger Door,Split Bench Seat,Passenger Air Bag On/Off Switch,Power Steering,Third Passenger Door","http://webiol.homenetinc.com/stock_images/2/8132.jpg"
"401","USED","7-069A","1D7HU18N82S680501","2002","Dodge","Ram 1500 SLT","Crew Cab Pickup","Quad Cab 4X4","DR6L41","4","PATRIOT BLUE","Gray","8","4.7L","Automatic","66039","False","11/16/2007","WOW! Look at all the extras! This is a Quad Cab 4X4 SLT package with remote keyless entry, power windows and locks, bedliner, diamond plate toolbox, chrome door handles, factory tow package and more!","","http://webiol.homenetinc.com/dealers/2091/4578/7-069A.jpg,http://webiol.homenetinc.com/dealers/2091/4578/7-069A(2).jpg,http://webiol.homenetinc.com/dealers/2091/4578/7-069A(3).jpg,http://webiol.homenetinc.com/dealers/2091/4578/7-069A(4).jpg,http://webiol.homenetinc.com/dealers/2091/4578/7-069A(5).jpg,http://webiol.homenetinc.com/dealers/2091/4578/7-069A(6).jpg,http://webiol.homenetinc.com/dealers/2091/4578/7-069A(7).jpg,http://webiol.homenetinc.com/dealers/2091/4578/7-069A(8).jpg,http://webiol.homenetinc.com/dealers/2091/4578/7-069A(9).jpg,http://webiol.homenetinc.com/dealers/2091/4578/7-069A(10).jpg,http://webiol.homenetinc.com/dealers/2091/4578/7-069A(11).jpg,http://webiol.homenetinc.com/dealers/2091/4578/7-069A(12).jpg,http://webiol.homenetinc.com/dealers/2091/4578/7-069A(13).jpg"
"401","USED","P299A","1J4FF48S3YL220839","2000","Jeep","Cherokee","Sport Utility","Sport","XJJH74","4","BLACK","Gray","6","4.0L","Automatic","91174","False","9/21/2007","This Jeep is a local trade-in. This is a Sport package 4X4 with power windows and locks, aluminum wheels, power sunroof and more! 4 NEW TIRES! Hurry...these Jeeps are high in demand!","","http://webiol.homenetinc.com/dealers/2091/4578/P299A.jpg,http://webiol.homenetinc.com/dealers/2091/4578/P299A(2).jpg,http://webiol.homenetinc.com/dealers/2091/4578/P299A(3).jpg,http://webiol.homenetinc.com/dealers/2091/4578/P299A(4).jpg,http://webiol.homenetinc.com/dealers/2091/4578/P299A(5).jpg,http://webiol.homenetinc.com/dealers/2091/4578/P299A(6).jpg,http://webiol.homenetinc.com/dealers/2091/4578/P299A(7).jpg,http://webiol.homenetinc.com/dealers/2091/4578/P299A(8).jpg,http://webiol.homenetinc.com/dealers/2091/4578/P299A(9).jpg,http://webiol.homenetinc.com/dealers/2091/4578/P299A(10).jpg,http://webiol.homenetinc.com/dealers/2091/4578/P299A(11).jpg,http://webiol.homenetinc.com/dealers/2091/4578/P299A(12).jpg,http://webiol.homenetinc.com/dealers/2091/4578/P299A(13).jpg"
"401","New","8-002","1B3LC56RX8N538874","2008","Dodge","Avenger","4dr Car","SXT","JSDP41","4","BR SILVER","","6","2.7L","Automatic","0","False","4/4/2007","","Driver Air Bag,Passenger Air Bag,Side Air Bag,Side Head Air Bag,Rear Head Air Bag,A/C,Alarm,AM/FM Stereo,CD Player,4-Wheel ABS,Front Disc/Rear Drum Brakes,Cruise Control,Rear Defrost,Child Safety Locks,Front Wheel Drive,Front Floor Mats,Rear Floor Mats,Keyless Entry,Power Door Locks,Power Driver Mirror,Power Driver Seat,Pass-Through Rear Seat,Cloth Seats,Bucket Seats,Adjustable Steering Wheel,Tires - Front All-Season,Tires - Rear All-Season,Compact Spare Tire,Aluminum Wheels,Power Windows,Intermittent Wipers,Satellite Radio,MP3 Player,Power Passenger Mirror,Variable Speed Intermittent Wipers,Auxiliary Pwr Outlet,Vehicle Anti-Theft System,Auto-Off Headlights,Driver Vanity Mirror,Passenger Vanity Mirror,Driver Lumbar,Emergency Trunk Release,Remote Trunk Release,Tire Pressure Monitoring System,Auxiliary Audio Input","http://webiol.homenetinc.com/dealers/2091/4578/8-002.jpg,http://webiol.homenetinc.com/dealers/2091/4578/8-002(2).jpg,http://webiol.homenetinc.com/dealers/2091/4578/8-002(3).jpg,http://webiol.homenetinc.com/dealers/2091/4578/8-002(4).jpg,http://webiol.homenetinc.com/dealers/2091/4578/8-002(5).jpg"
"401","New","7-056","1J8FF57W97D209104","2007","Jeep","Compass","Sport Utility","Limited 4X4","MKJP49","4","Marine Blue","Gray","4","2.4L","Automatic","0","False","2/22/2007","Limited (26F) 4X4 package including HEATED leather seats, 18 chrome wheels, power sunroof, CVTII automatic transmission, full size spare tire and more!","","http://webiol.homenetinc.com/dealers/2091/4578/7-056.jpg,http://webiol.homenetinc.com/dealers/2091/4578/7-056(2).jpg,http://webiol.homenetinc.com/dealers/2091/4578/7-056(3).jpg,http://webiol.homenetinc.com/dealers/2091/4578/7-056(4).jpg,http://webiol.homenetinc.com/dealers/2091/4578/7-056(5).jpg"
"401","USED","6-098Z","1B7GG2AN9YS661395","2000","Dodge","Dakota Quad Cab","Crew Cab Pickup","Sport 4X4","AN5L84","4","BLACK","Gray","8","4.7L","Automatic","96135","False","11/1/2007","This Dakota is a local trade-in. This is a Sport 4X4 package with power windows and locks, remote keyless entry, CD player, 4 NEW TIRES, and more!","","http://webiol.homenetinc.com/dealers/2091/4578/6-098Z.jpg,http://webiol.homenetinc.com/dealers/2091/4578/6-098Z(2).jpg,http://webiol.homenetinc.com/dealers/2091/4578/6-098Z(3).jpg,http://webiol.homenetinc.com/dealers/2091/4578/6-098Z(4).jpg,http://webiol.homenetinc.com/dealers/2091/4578/6-098Z(5).jpg,http://webiol.homenetinc.com/dealers/2091/4578/6-098Z(6).jpg,http://webiol.homenetinc.com/dealers/2091/4578/6-098Z(7).jpg,http://webiol.homenetinc.com/dealers/2091/4578/6-098Z(8).jpg,http://webiol.homenetinc.com/dealers/2091/4578/6-098Z(9).jpg,http://webiol.homenetinc.com/dealers/2091/4578/6-098Z(10).jpg,http://webiol.homenetinc.com/dealers/2091/4578/6-098Z(11).jpg,http://webiol.homenetinc.com/dealers/2091/4578/6-098Z(12).jpg,http://webiol.homenetinc.com/dealers/2091/4578/6-098Z(13).jpg"
"401","USED","A384","1A8HW582X7F519559","2007","Chrysler","Aspen","Sport Utility","Limited 4x4","HG5P74","4","BLACK","Tan","8","5.7L","Automatic","20771","True","11/23/2007","SAVE OVER $12,000 FROM NEW! This Aspen is loaded with GPS Navigation, rear seat DVD entertainment system, heated leather 1st AND 2nd row seats, 20 chrome wheels, remote start, 5.7L HEMI with MDS, third row seating, LED interior lighting and much more! This was a Chrysler Employee company car. FACTORY CERTIFIED!","","http://webiol.homenetinc.com/dealers/2091/4578/A384.jpg,http://webiol.homenetinc.com/dealers/2091/4578/A384(2).jpg,http://webiol.homenetinc.com/dealers/2091/4578/A384(3).jpg,http://webiol.homenetinc.com/dealers/2091/4578/A384(4).jpg,http://webiol.homenetinc.com/dealers/2091/4578/A384(5).jpg,http://webiol.homenetinc.com/dealers/2091/4578/A384(6).jpg,http://webiol.homenetinc.com/dealers/2091/4578/A384(7).jpg,http://webiol.homenetinc.com/dealers/2091/4578/A384(8).jpg,http://webiol.homenetinc.com/dealers/2091/4578/A384(9).jpg,http://webiol.homenetinc.com/dealers/2091/4578/A384(10).jpg,http://webiol.homenetinc.com/dealers/2091/4578/A384(11).jpg,http://webiol.homenetinc.com/dealers/2091/4578/A384(12).jpg,http://webiol.homenetinc.com/dealers/2091/4578/A384(13).jpg,http://webiol.homenetinc.com/dealers/2091/4578/A384(14).jpg,http://webiol.homenetinc.com/dealers/2091/4578/A384(15).jpg,http://webiol.homenetinc.com/dealers/2091/4578/A384(16).jpg"
"401","USED","7-119A","1J4GW48S1YC146955","2000","Jeep","Grand Cherokee","Sport Utility","Laredo","WJJH74","4","BLUE","","6","4.0L","Automatic","149106","False","11/6/2007","This Grand Cherokee is a local trade-in. This is a Laredo 4X4 package with the 4.0L 6-cylinder, leather seats, CD player, remote keyless entry and more!","","http://webiol.homenetinc.com/dealers/2091/4578/7-119A.jpg,http://webiol.homenetinc.com/dealers/2091/4578/7-119A(2).jpg,http://webiol.homenetinc.com/dealers/2091/4578/7-119A(3).jpg,http://webiol.homenetinc.com/dealers/2091/4578/7-119A(4).jpg,http://webiol.homenetinc.com/dealers/2091/4578/7-119A(5).jpg,http://webiol.homenetinc.com/dealers/2091/4578/7-119A(6).jpg,http://webiol.homenetinc.com/dealers/2091/4578/7-119A(7).jpg,http://webiol.homenetinc.com/dealers/2091/4578/7-119A(8).jpg,http://webiol.homenetinc.com/dealers/2091/4578/7-119A(9).jpg,http://webiol.homenetinc.com/dealers/2091/4578/7-119A(10).jpg,http://webiol.homenetinc.com/dealers/2091/4578/7-119A(11).jpg,http://webiol.homenetinc.com/dealers/2091/4578/7-119A(12).jpg,http://webiol.homenetinc.com/dealers/2091/4578/7-119A(13).jpg,http://webiol.homenetinc.com/dealers/2091/4578/7-119A(14).jpg"
"401","USED","7-065A","3B7HF12Y5YG113914","2000","Dodge","Ram 1500","Extended Cab Pickup","Club Cab 4X4","BE6L31","2","BLUE","Gray","8","5.2L","Manual","97189","False","11/19/2007","4X4 FOR UNDER $11,000! This truck is a local trade-in and is ready for work or play!","","http://webiol.homenetinc.com/dealers/2091/4578/7-065A.jpg,http://webiol.homenetinc.com/dealers/2091/4578/7-065A(2).jpg,http://webiol.homenetinc.com/dealers/2091/4578/7-065A(3).jpg,http://webiol.homenetinc.com/dealers/2091/4578/7-065A(4).jpg,http://webiol.homenetinc.com/dealers/2091/4578/7-065A(5).jpg,http://webiol.homenetinc.com/dealers/2091/4578/7-065A(6).jpg,http://webiol.homenetinc.com/dealers/2091/4578/7-065A(7).jpg,http://webiol.homenetinc.com/dealers/2091/4578/7-065A(8).jpg,http://webiol.homenetinc.com/dealers/2091/4578/7-065A(9).jpg,http://webiol.homenetinc.com/dealers/2091/4578/7-065A(10).jpg,http://webiol.homenetinc.com/dealers/2091/4578/7-065A(11).jpg,http://webiol.homenetinc.com/dealers/2091/4578/7-065A(12).jpg,http://webiol.homenetinc.com/dealers/2091/4578/7-065A(13).jpg"
"401","USED","8-018A","1G2MB33B66Y104047","2006","Pontiac","Solstice","Convertible","","2MB67","2","GRAY","Gray","4","2.4L","Manual","43180","False","11/29/2007","PRICED TO SELL! This Solstice is a one owner and locally traded. This Solsctice includes leather seats, chrome wheels and more!","","http://webiol.homenetinc.com/dealers/2091/4578/8-018A.jpg,http://webiol.homenetinc.com/dealers/2091/4578/8-018A(2).jpg,http://webiol.homenetinc.com/dealers/2091/4578/8-018A(3).jpg,http://webiol.homenetinc.com/dealers/2091/4578/8-018A(4).jpg,http://webiol.homenetinc.com/dealers/2091/4578/8-018A(5).jpg,http://webiol.homenetinc.com/dealers/2091/4578/8-018A(6).jpg,http://webiol.homenetinc.com/dealers/2091/4578/8-018A(7).jpg,http://webiol.homenetinc.com/dealers/2091/4578/8-018A(8).jpg,http://webiol.homenetinc.com/dealers/2091/4578/8-018A(9).jpg,http://webiol.homenetinc.com/dealers/2091/4578/8-018A(10).jpg,http://webiol.homenetinc.com/dealers/2091/4578/8-018A(11).jpg,http://webiol.homenetinc.com/dealers/2091/4578/8-018A(12).jpg,http://webiol.homenetinc.com/dealers/2091/4578/8-018A(13).jpg"
"401","USED","P310","1G3NT27L7FM208645","85","OLDSMOBILE","CALAIS SUPREME","COUPE","","","","SILVER","","6","3.0L","","146852","False","12/4/2007","","",""
"401","USED","P303A","1G2JB54K9L7585801","1990","Pontiac","Sunbird","SEDAN 4 DOOR","","","","GRAY","","4","2.0","","102332","False","11/27/2007","","",""
"401","USED","7-100A","3C3EL55H0WT318547","1998","Chrysler","Sebring","Convertible","JXi","JXCP27","2","GOLD","","6","2.5L","Automatic","43000","False","12/3/2007","","Front Wheel Drive,Front Floor Mats,Rear Floor Mats,Keyless Entry,Power Door Locks,Heated Mirrors,Power Driver Mirror,Power Driver Seat,Leather Seats,Bucket Seats,Power Steering,Adjustable Steering Wheel,Tires - Front Performance,Tires - Rear Performance,Compact Spare Tire,Aluminum Wheels,Power Windows,Intermittent Wipers,Premium Sound System,Fog Lamps,Power Passenger Mirror,Heated Exterior Driver Mirror,Heated Exterior Passenger Mirror,Variable Speed Intermittent Wipers,Auxiliary Pwr Outlet,Vehicle Anti-Theft System,Driver Illuminated Vanity Mirror,Passenger Illuminated Visor Mirror,Front Reading Lamps,Leather Wrapped Steering Wheel,Remote Trunk Release,Driver Air Bag,Passenger Air Bag,A/C,Alarm,AM/FM Stereo,Cassette,4-Wheel ABS,Cruise Control,Rear Defrost","http://webiol.homenetinc.com/stock_images/2/7545.jpg"
"401","USED","A385A","1GNCT18W9YK241033","2000","Chevrolet","Blazer","Sport Utility","LS","CT10516","2","RED","","6","4.3L","Automatic","102776","False","11/30/2007","","Cloth Seats,Bucket Seats,Power Steering,Tires - Front All-Season,Tires - Rear All-Season,Full Size Spare Tire,Aluminum Wheels,Intermittent Wipers,Driver Air Bag,Passenger Air Bag,A/C,AM/FM Stereo,Cassette,4-Wheel ABS,4-Wheel Disc Brakes,Four Wheel Drive,Front Floor Mats,Rear Floor Mats,Auto-On Headlights,Daytime Running Lights,Pass-Through Rear Seat,Privacy Glass,Variable Speed Intermittent Wipers,Vehicle Anti-Theft System,Auto-Off Headlights,Luggage Rack,Driver Illuminated Vanity Mirror,Passenger Illuminated Visor Mirror,Rear Seat Heat Ducts,Leather Wrapped Steering Wheel","http://webiol.homenetinc.com/stock_images/2/260.jpg"
"401","USED","8-017A","2C4GM68485R270426","2005","Chrysler","Pacifica","Station Wagon","Touring","CSYS74","4","Linene Gold","Taupe","6","3.5L","Automatic","74511","False","11/29/2007","This Pacifica is a one owner and originally purchased here new. This is a Touring All-wheel drive model with leather seats, dual power seats, power moonroof, auto climate control, third row seat, rear heat and a/c, aluminum wheels and much more! This car has been very well maintained, most of which done by our service department.","","http://webiol.homenetinc.com/dealers/2091/4578/8-017A.jpg,http://webiol.homenetinc.com/dealers/2091/4578/8-017A(2).jpg,http://webiol.homenetinc.com/dealers/2091/4578/8-017A(3).jpg,http://webiol.homenetinc.com/dealers/2091/4578/8-017A(4).jpg,http://webiol.homenetinc.com/dealers/2091/4578/8-017A(5).jpg,http://webiol.homenetinc.com/dealers/2091/4578/8-017A(6).jpg,http://webiol.homenetinc.com/dealers/2091/4578/8-017A(7).jpg,http://webiol.homenetinc.com/dealers/2091/4578/8-017A(8).jpg,http://webiol.homenetinc.com/dealers/2091/4578/8-017A(9).jpg,http://webiol.homenetinc.com/dealers/2091/4578/8-017A(10).jpg,http://webiol.homenetinc.com/dealers/2091/4578/8-017A(11).jpg,http://webiol.homenetinc.com/dealers/2091/4578/8-017A(12).jpg,http://webiol.homenetinc.com/dealers/2091/4578/8-017A(13).jpg,http://webiol.homenetinc.com/dealers/2091/4578/8-017A(14).jpg"
"401","USED","7-034C","1FAFP6632WK210015","1998","Ford","Contour","4dr Car","LX","P65","4","GREEN","Gray","4","2.0L","Automatic","65243","False","11/21/2007","Local trade-in, very good condition and LOW MILES! This Contour includes power windows and locks, automatic transmission, and more!","","http://webiol.homenetinc.com/dealers/2091/4578/7-034C.jpg,http://webiol.homenetinc.com/dealers/2091/4578/7-034C(2).jpg,http://webiol.homenetinc.com/dealers/2091/4578/7-034C(3).jpg,http://webiol.homenetinc.com/dealers/2091/4578/7-034C(4).jpg,http://webiol.homenetinc.com/dealers/2091/4578/7-034C(5).jpg,http://webiol.homenetinc.com/dealers/2091/4578/7-034C(6).jpg,http://webiol.homenetinc.com/dealers/2091/4578/7-034C(7).jpg,http://webiol.homenetinc.com/dealers/2091/4578/7-034C(8).jpg,http://webiol.homenetinc.com/dealers/2091/4578/7-034C(9).jpg,http://webiol.homenetinc.com/dealers/2091/4578/7-034C(10).jpg,http://webiol.homenetinc.com/dealers/2091/4578/7-034C(11).jpg,http://webiol.homenetinc.com/dealers/2091/4578/7-034C(12).jpg,http://webiol.homenetinc.com/dealers/2091/4578/7-034C(13).jpg"
"401","New","8-012","1D8HN54P78B101191","2008","Dodge","Grand Caravan","Mini-van, Passenger","SXT","RTKP53","4","SANDSTONE","","6","3.8L","Automatic","0","False","11/9/2007","SXT package with Swivel & Go seats, dual power sliding doors, power liftgate and more!","","http://webiol.homenetinc.com/dealers/2091/4578/8-012.jpg,http://webiol.homenetinc.com/dealers/2091/4578/8-012(2).jpg,http://webiol.homenetinc.com/dealers/2091/4578/8-012(3).jpg,http://webiol.homenetinc.com/dealers/2091/4578/8-012(4).jpg,http://webiol.homenetinc.com/dealers/2091/4578/8-012(5).jpg"
"401","USED","7-090C","2B3HD56J5WH125330","1998","Dodge","Intrepid","4dr Car","ES","LHDP41","4","GOLD","Tan","6","3.2L","Automatic","189239","False","11/23/2007","Local trade-in. Leather, moonroof.","","http://webiol.homenetinc.com/dealers/2091/4578/7-090C.jpg,http://webiol.homenetinc.com/dealers/2091/4578/7-090C(2).jpg,http://webiol.homenetinc.com/dealers/2091/4578/7-090C(3).jpg,http://webiol.homenetinc.com/dealers/2091/4578/7-090C(4).jpg,http://webiol.homenetinc.com/dealers/2091/4578/7-090C(5).jpg"
"401","USED","8-014A","2C4GP54L95R124681","2005","Chrysler","Town & Country","Mini-van, Passenger","Touring","RSYP53","4","SILVER","Gray","6","3.8L","Automatic","97473","False","11/21/2007","This Town & Country is a one owner, originally purchased from us new. This is a Touring package with the leather interior group, heated front seats, dual interior climate control, rear seat DVD entertainment system, tire pressure monitoring system, Stow'N'Go seats, and much more! This Town & Country has been regularly maintained and serviced by our service department.","","http://webiol.homenetinc.com/dealers/2091/4578/8-014A.jpg,http://webiol.homenetinc.com/dealers/2091/4578/8-014A(2).jpg,http://webiol.homenetinc.com/dealers/2091/4578/8-014A(3).jpg,http://webiol.homenetinc.com/dealers/2091/4578/8-014A(4).jpg,http://webiol.homenetinc.com/dealers/2091/4578/8-014A(5).jpg,http://webiol.homenetinc.com/dealers/2091/4578/8-014A(6).jpg,http://webiol.homenetinc.com/dealers/2091/4578/8-014A(7).jpg,http://webiol.homenetinc.com/dealers/2091/4578/8-014A(8).jpg,http://webiol.homenetinc.com/dealers/2091/4578/8-014A(9).jpg,http://webiol.homenetinc.com/dealers/2091/4578/8-014A(10).jpg,http://webiol.homenetinc.com/dealers/2091/4578/8-014A(11).jpg,http://webiol.homenetinc.com/dealers/2091/4578/8-014A(12).jpg,http://webiol.homenetinc.com/dealers/2091/4578/8-014A(13).jpg,http://webiol.homenetinc.com/dealers/2091/4578/8-014A(14).jpg,http://webiol.homenetinc.com/dealers/2091/4578/8-014A(15).jpg,http://webiol.homenetinc.com/dealers/2091/4578/8-014A(16).jpg"
"401","New","8-020","1D7HU18218J103068","2008","Dodge","Ram 1500 SLT","Quad Cab Pickup","Quad Cab 4X4","DR6H41","4","MINERAL GRAY","Gray","8","5.7L","Automatic","0","False","12/11/2007","26G Big Horn SLT package with 20 aluminum wheels, SIRIUS satellite radio, and trailer tow package.","","http://webiol.homenetinc.com/dealers/2091/4578/8-020.jpg,http://webiol.homenetinc.com/dealers/2091/4578/8-020(2).jpg,http://webiol.homenetinc.com/dealers/2091/4578/8-020(3).jpg,http://webiol.homenetinc.com/dealers/2091/4578/8-020(4).jpg,http://webiol.homenetinc.com/dealers/2091/4578/8-020(5).jpg"
"401","USED","7-109A","1GNDX03E91D237205","2001","Chevrolet","Venture","Mini-van, Passenger","LS","1UM16","4","RED","Gray","6","3.4L","Automatic","80127","False","11/30/2007","Local trade-in. This Venture is clean and in good condition. Cloth seats, power windows and locks, remote keyless entry and more!","","http://webiol.homenetinc.com/dealers/2091/4578/7-109A.jpg,http://webiol.homenetinc.com/dealers/2091/4578/7-109A(2).jpg,http://webiol.homenetinc.com/dealers/2091/4578/7-109A(3).jpg,http://webiol.homenetinc.com/dealers/2091/4578/7-109A(4).jpg,http://webiol.homenetinc.com/dealers/2091/4578/7-109A(5).jpg,http://webiol.homenetinc.com/dealers/2091/4578/7-109A(6).jpg,http://webiol.homenetinc.com/dealers/2091/4578/7-109A(7).jpg,http://webiol.homenetinc.com/dealers/2091/4578/7-109A(8).jpg,http://webiol.homenetinc.com/dealers/2091/4578/7-109A(9).jpg,http://webiol.homenetinc.com/dealers/2091/4578/7-109A(10).jpg,http://webiol.homenetinc.com/dealers/2091/4578/7-109A(11).jpg,http://webiol.homenetinc.com/dealers/2091/4578/7-109A(12).jpg,http://webiol.homenetinc.com/dealers/2091/4578/7-109A(13).jpg,http://webiol.homenetinc.com/dealers/2091/4578/7-109A(14).jpg"
"401","USED","A386","3D7KU28D24G152515","2004","Dodge","Ram 2500","Crew Cab Pickup","","","4","PAT.BLUE","","8","5.7L","","0","False","12/13/2007","","Split Bench Seat,Tires - Rear All-Season,Power Steering,Variable Speed Intermittent Wipers,Adjustable Steering Wheel,Four Wheel Drive,A/C,Auxiliary Pwr Outlet,AM/FM Stereo,Passenger Air Bag,Driver Air Bag,Tires - Front All-Season,4-Wheel ABS,Full Size Spare Tire,4-Wheel Disc Brakes","http://webiol.homenetinc.com/stock_images/2/4058.jpg"
"401","New","7-097","1J8FF28W47D395180","2007","Jeep","Patriot","Sport Utility","Sport","MKJL74","4","LT.KHAKI","","4","2.4L","Automatic","0","False","7/11/2007","","Driver Air Bag,Passenger Air Bag,Side Head Air Bag,Rear Head Air Bag,AM/FM Stereo,CD Player,4-Wheel ABS,4-Wheel Disc Brakes,Rear Defrost,Four Wheel Drive,Pass-Through Rear Seat,Vinyl Seats,Bucket Seats,Power Steering,Adjustable Steering Wheel,Tires - Front All-Season,Tires - Rear All-Season,Compact Spare Tire,Traction Control,Intermittent Wipers,Variable Speed Intermittent Wipers,Auxiliary Pwr Outlet,Vehicle Anti-Theft System,Driver Vanity Mirror,Passenger Vanity Mirror,Rear Seat Heat Ducts,Steel Wheels,Electronic Stability Control,Brake Assist","http://webiol.homenetinc.com/stock_images/2/9936.jpg"
"401","USED","7-067A","1GNDT13S222363314","2002","Chevrolet","TrailBlazer","Sport Utility","LS","CT15506","4","DK GREEN","","6","4.2L","Automatic","67188","False","7/6/2007","This TrailBlazer is a local trade-in. This is an LS package, 4X4, with power windows, locks, remote keyless entry, tow package and more!","","http://webiol.homenetinc.com/dealers/2091/4578/7-067A.jpg,http://webiol.homenetinc.com/dealers/2091/4578/7-067A(2).jpg,http://webiol.homenetinc.com/dealers/2091/4578/7-067A(3).jpg,http://webiol.homenetinc.com/dealers/2091/4578/7-067A(4).jpg,http://webiol.homenetinc.com/dealers/2091/4578/7-067A(5).jpg,http://webiol.homenetinc.com/dealers/2091/4578/7-067A(6).jpg,http://webiol.homenetinc.com/dealers/2091/4578/7-067A(7).jpg,http://webiol.homenetinc.com/dealers/2091/4578/7-067A(8).jpg,http://webiol.homenetinc.com/dealers/2091/4578/7-067A(9).jpg,http://webiol.homenetinc.com/dealers/2091/4578/7-067A(10).jpg,http://webiol.homenetinc.com/dealers/2091/4578/7-067A(11).jpg,http://webiol.homenetinc.com/dealers/2091/4578/7-067A(12).jpg,http://webiol.homenetinc.com/dealers/2091/4578/7-067A(13).jpg"
"401","USED","6-041B","1P4GP44G1WB667094","1998","Plymouth","Voyager","Mini-van, Passenger","SE","NSHH53","4","GOLD","","6","3.0L","","131897","False","4/8/2006","V6, 3.3L; FFV;FRONT WHEEL DRIVE","Driver Air Bag,Passenger Air Bag,AM/FM Stereo,Cassette,4-Wheel ABS,Front Disc/Rear Drum Brakes,Cruise Control,Third Passenger Door,Fourth Passenger Door,Front Wheel Drive,Power Driver Mirror,Cloth Seats,Bucket Seats,Power Steering,Adjustable Steering Wheel,Tires - Front All-Season,Tires - Rear All-Season,Compact Spare Tire,Intermittent Wipers,Power Passenger Mirror,Variable Speed Intermittent Wipers,Front Reading Lamps,Wheel Covers","http://webiol.homenetinc.com/stock_images/2/8001.jpg"
"401","USED","A383A","1FMFU18LX3LA06700","2003","Ford","Expedition","Sport Utility","Eddie Bauer 4X4","U18","4","RED","Tan","8","5.4L","Automatic","95923","False","12/3/2007","This Expedition is loaded with everything that you want! Eddie Bauer 4X4 package with rear seat DVD entertainment system, power moonroof, trailer tow group, rear back up sensors, third row seat, rear heat and a/c, heated leather seats, and much, much more!","","http://webiol.homenetinc.com/dealers/2091/4578/A383A.jpg,http://webiol.homenetinc.com/dealers/2091/4578/A383A(2).jpg,http://webiol.homenetinc.com/dealers/2091/4578/A383A(3).jpg,http://webiol.homenetinc.com/dealers/2091/4578/A383A(4).jpg,http://webiol.homenetinc.com/dealers/2091/4578/A383A(5).jpg,http://webiol.homenetinc.com/dealers/2091/4578/A383A(6).jpg,http://webiol.homenetinc.com/dealers/2091/4578/A383A(7).jpg,http://webiol.homenetinc.com/dealers/2091/4578/A383A(8).jpg,http://webiol.homenetinc.com/dealers/2091/4578/A383A(9).jpg,http://webiol.homenetinc.com/dealers/2091/4578/A383A(10).jpg,http://webiol.homenetinc.com/dealers/2091/4578/A383A(11).jpg,http://webiol.homenetinc.com/dealers/2091/4578/A383A(12).jpg,http://webiol.homenetinc.com/dealers/2091/4578/A383A(13).jpg,http://webiol.homenetinc.com/dealers/2091/4578/A383A(14).jpg,http://webiol.homenetinc.com/dealers/2091/4578/A383A(15).jpg,http://webiol.homenetinc.com/dealers/2091/4578/A383A(16).jpg"
"401","USED","A377B","4B3AU42N8VE090629","1997","Dodge","Avenger","2dr Car","","FJDH22","2","RED","","6","2.5L","","139249","False","12/18/2007","","Tires - Front All-Season,Tires - Rear All-Season,Compact Spare Tire,Intermittent Wipers,Driver Vanity Mirror,Passenger Vanity Mirror,Front Reading Lamps,Remote Trunk Release,Wheel Covers,Driver Air Bag,Passenger Air Bag,AM/FM Stereo,Front Disc/Rear Drum Brakes,Rear Defrost,Front Wheel Drive,Cloth Seats,Bucket Seats,Power Steering,Adjustable Steering Wheel","http://webiol.homenetinc.com/stock_images/2/7062.jpg"
"401","USED","8-016A","1D4GP25BX6B591986","2006","Dodge","Caravan","Mini-van, Passenger","SE","RSKL52","4","MAGNESIUM","Gray","4","2.4L","Automatic","10714","True","11/29/2007","This Caravan is a one owner, locally owned and traded, and was originally purchased from us new. This is an SE package. GREAT FAMILY VEHICLE AT A GREAT PRICE WITH A GREAT WARRANTY! FACTORY CERTIFIED!","","http://webiol.homenetinc.com/dealers/2091/4578/8-016A.jpg,http://webiol.homenetinc.com/dealers/2091/4578/8-016A(2).jpg,http://webiol.homenetinc.com/dealers/2091/4578/8-016A(3).jpg,http://webiol.homenetinc.com/dealers/2091/4578/8-016A(4).jpg,http://webiol.homenetinc.com/dealers/2091/4578/8-016A(5).jpg,http://webiol.homenetinc.com/dealers/2091/4578/8-016A(6).jpg,http://webiol.homenetinc.com/dealers/2091/4578/8-016A(7).jpg,http://webiol.homenetinc.com/dealers/2091/4578/8-016A(8).jpg,http://webiol.homenetinc.com/dealers/2091/4578/8-016A(9).jpg,http://webiol.homenetinc.com/dealers/2091/4578/8-016A(10).jpg,http://webiol.homenetinc.com/dealers/2091/4578/8-016A(11).jpg,http://webiol.homenetinc.com/dealers/2091/4578/8-016A(12).jpg,http://webiol.homenetinc.com/dealers/2091/4578/8-016A(13).jpg,http://webiol.homenetinc.com/dealers/2091/4578/8-016A(14).jpg"
"401","USED","7-117Y","1HGCM55346A035100","2006","Honda","Accord Sdn","4dr Car","LX","CM5536EW","4","BLUE","Gray","4","2.4L","Manual","35934","False","10/1/2007","This Accord is a one owner and locally traded. This is an LX package with the fuel efficient manual transmission, CD player, power windows, locks and remote keyless entry! This Accord is rated for up to 34 MPG!","","http://webiol.homenetinc.com/dealers/2091/4578/7-117Y.jpg,http://webiol.homenetinc.com/dealers/2091/4578/7-117Y(2).jpg,http://webiol.homenetinc.com/dealers/2091/4578/7-117Y(3).jpg,http://webiol.homenetinc.com/dealers/2091/4578/7-117Y(4).jpg,http://webiol.homenetinc.com/dealers/2091/4578/7-117Y(5).jpg,http://webiol.homenetinc.com/dealers/2091/4578/7-117Y(6).jpg,http://webiol.homenetinc.com/dealers/2091/4578/7-117Y(7).jpg,http://webiol.homenetinc.com/dealers/2091/4578/7-117Y(8).jpg,http://webiol.homenetinc.com/dealers/2091/4578/7-117Y(9).jpg,http://webiol.homenetinc.com/dealers/2091/4578/7-117Y(10).jpg,http://webiol.homenetinc.com/dealers/2091/4578/7-117Y(11).jpg,http://webiol.homenetinc.com/dealers/2091/4578/7-117Y(12).jpg,http://webiol.homenetinc.com/dealers/2091/4578/7-117Y(13).jpg"
